niche,location
barbershop,Chicago
barbershop,Dallas
barbershop,Houston
barbershop,Atlanta
barbershop,Miami
barbershop,Nashville
barbershop,Denver
barbershop,Phoenix
hair salon,Los Angeles
hair salon,Miami
hair salon,Austin
hair salon,Scottsdale
hair salon,Charlotte
hair salon,Portland
nail salon,Houston
nail salon,Dallas
nail salon,Orlando
nail salon,Phoenix
nail salon,Las Vegas
nail salon,Tampa
tattoo shop,Austin
tattoo shop,Portland
tattoo shop,Nashville
tattoo shop,Miami
tattoo shop,Denver
medspa,Los Angeles
medspa,Scottsdale
medspa,Houston
medspa,Atlanta
medspa,Miami
medspa,Dallas
medspa,Toronto
medspa,Calgary
dentist,Miami
dentist,Austin
dentist,Denver
dentist,San Diego
dentist,Phoenix
dentist,Jacksonville
dentist,Toronto
dentist,Vancouver
dentist,London
dentist,Manchester
dentist,Sydney
dentist,Melbourne
chiropractor,Dallas
chiropractor,Nashville
chiropractor,Charlotte
chiropractor,Tampa
chiropractor,Portland
chiropractor,Calgary
chiropractor,Ottawa
orthodontist,Phoenix
orthodontist,Jacksonville
orthodontist,Salt Lake City
orthodontist,Charlotte
orthodontist,Nashville
veterinarian,Orlando
veterinarian,Raleigh
veterinarian,Minneapolis
veterinarian,San Antonio
veterinarian,Columbus
physical therapist,Denver
physical therapist,Austin
physical therapist,San Diego
physical therapist,Nashville
physical therapist,Portland
massage therapist,Scottsdale
massage therapist,Austin
massage therapist,San Diego
massage therapist,Portland
massage therapist,Boulder
dermatologist,San Francisco
dermatologist,Seattle
dermatologist,Boston
dermatologist,Austin
dermatologist,Denver
plastic surgeon,Beverly Hills
plastic surgeon,Miami
plastic surgeon,Dallas
plastic surgeon,New York
plastic surgeon,Chicago
personal injury lawyer,Houston
personal injury lawyer,Los Angeles
personal injury lawyer,Miami
personal injury lawyer,Atlanta
personal injury lawyer,Dallas
family lawyer,Phoenix
family lawyer,Denver
family lawyer,San Antonio
family lawyer,Jacksonville
family lawyer,Tampa
immigration lawyer,Miami
immigration lawyer,New York
immigration lawyer,Los Angeles
immigration lawyer,Houston
immigration lawyer,Chicago
solicitor,London
solicitor,Birmingham
solicitor,Manchester
plumber,Los Angeles
plumber,Chicago
plumber,Denver
plumber,San Antonio
plumber,Las Vegas
plumber,Toronto
plumber,London
plumber,Sydney
electrician,Austin
electrician,Nashville
electrician,Charlotte
electrician,Raleigh
electrician,Portland
electrician,London
electrician,Melbourne
hvac company,Phoenix
hvac company,Houston
hvac company,Tampa
hvac company,Dallas
hvac company,Las Vegas
hvac company,Calgary
roofing company,Dallas
roofing company,Houston
roofing company,Phoenix
roofing company,Atlanta
roofing company,Orlando
landscaping company,Scottsdale
landscaping company,Orlando
landscaping company,Dallas
landscaping company,Atlanta
landscaping company,San Diego
pest control,Houston
pest control,Phoenix
pest control,Orlando
pest control,Tampa
pest control,Las Vegas
pool company,Scottsdale
pool company,Miami
pool company,Houston
pool company,Orlando
pool company,San Antonio
cleaning company,Dallas
cleaning company,Houston
cleaning company,Phoenix
cleaning company,Orlando
cleaning company,Charlotte
moving company,Austin
moving company,Denver
moving company,Raleigh
moving company,Nashville
moving company,Tampa
solar company,Phoenix
solar company,Las Vegas
solar company,San Diego
solar company,Austin
solar company,Denver
real estate agent,Miami
real estate agent,Austin
real estate agent,Scottsdale
real estate agent,San Diego
real estate agent,Boise
real estate agent,Toronto
real estate agent,Vancouver
real estate agent,London
real estate agent,Manchester
real estate agent,Sydney
real estate agent,Melbourne
home builder,Austin
home builder,Raleigh
home builder,Boise
home builder,Nashville
home builder,Charlotte
interior designer,Los Angeles
interior designer,Miami
interior designer,New York
interior designer,Austin
interior designer,Nashville
accountant,Austin
accountant,Charlotte
accountant,Denver
accountant,Nashville
accountant,Raleigh
accountant,London
accountant,Manchester
financial advisor,Scottsdale
financial advisor,San Diego
financial advisor,Boston
financial advisor,Seattle
financial advisor,Dallas
insurance agent,Dallas
insurance agent,Houston
insurance agent,Atlanta
insurance agent,Charlotte
insurance agent,Tampa
gym,Miami
gym,Austin
gym,Denver
gym,San Diego
gym,Nashville
yoga studio,Los Angeles
yoga studio,Portland
yoga studio,Austin
yoga studio,Boulder
yoga studio,Seattle
personal trainer,Miami
personal trainer,Scottsdale
personal trainer,Dallas
personal trainer,San Diego
personal trainer,Atlanta
dog groomer,Austin
dog groomer,Denver
dog groomer,Portland
dog groomer,San Diego
dog groomer,Raleigh
daycare,Austin
daycare,Raleigh
daycare,Charlotte
daycare,Nashville
daycare,Denver
tutoring service,San Francisco
tutoring service,Boston
tutoring service,New York
tutoring service,Austin
tutoring service,Seattle
restaurant,Austin
restaurant,Nashville
restaurant,Portland
restaurant,Denver
restaurant,Charleston
coffee shop,Seattle
coffee shop,Portland
coffee shop,Austin
coffee shop,Denver
coffee shop,San Diego
wedding photographer,Austin
wedding photographer,Nashville
wedding photographer,Charleston
wedding photographer,Denver
wedding photographer,San Diego
photographer,Los Angeles
photographer,Miami
photographer,Portland
photographer,Seattle
photographer,Atlanta
car dealership,Houston
car dealership,Dallas
car dealership,Phoenix
car dealership,Atlanta
car dealership,Miami
auto repair shop,San Antonio
auto repair shop,Las Vegas
auto repair shop,Jacksonville
auto repair shop,Columbus
auto repair shop,Tampa
